id_cliente,cliente,genero,id_producto,producto,precio,cantidad,monto,forma_pago,fecreg
1,Raul Opazo,H,4,Alphabet,141.25,25,3531.25,Efectivo,2025-07-03T23:52:01.688Z
7,Elizabeth Cordero,M,5,Microsoft,375.60,50,18780.00,Efectivo,2025-07-03T23:52:01.688Z
4,Eric Aracena,H,10,Cisco,49.74,92,4576.08,Débito,2025-07-03T23:52:01.688Z
2,Alejandro Pérez,H,6,Delta,42.22,16,675.52,Débito,2025-07-03T23:53:01.773Z
1,Raul Opazo,H,8,Salesforce,263.09,22,5787.98,Débito,2025-07-03T23:51:01.490Z
6,Carolina López,M,1,Amazon,151.48,1,151.48,Crédito,2025-07-03T23:51:01.490Z
3,Felipe Muñoz,H,9,Disney,90.24,71,6407.04,Débito,2025-07-03T23:51:01.490Z
1,Raul Opazo,H,6,Delta,42.22,95,4010.90,Débito,2025-07-03T23:54:02.203Z
4,Eric Aracena,H,10,Cisco,49.74,54,2685.96,Crédito,2025-07-03T23:54:02.203Z
3,Felipe Muñoz,H,1,Amazon,151.48,24,3635.52,Débito,2025-07-03T23:54:02.203Z
7,Elizabeth Cordero,M,9,Disney,90.24,89,8031.36,Débito,2025-07-03T23:55:01.406Z
1,Raul Opazo,H,8,Salesforce,263.09,75,19731.75,Débito,2025-07-03T23:55:01.406Z
8,Paola Rojas,M,1,Amazon,151.48,52,7876.96,Efectivo,2025-07-03T23:55:01.406Z
6,Carolina López,M,9,Disney,90.24,17,1534.08,Efectivo,2025-07-03T23:56:01.594Z
1,Raul Opazo,H,9,Disney,90.24,37,3338.88,Débito,2025-07-03T23:56:01.594Z
3,Felipe Muñoz,H,6,Delta,42.22,54,2279.88,Crédito,2025-07-03T23:57:02.042Z
2,Alejandro Pérez,H,3,Meta,359.09,80,28727.20,Crédito,2025-07-03T23:58:01.236Z
3,Felipe Muñoz,H,6,Delta,42.22,33,1393.26,Crédito,2025-07-03T23:59:01.699Z
10,Luisa Torres,M,2,Nvidia,537.94,66,35504.04,Crédito,2025-07-03T23:59:01.699Z
3,Felipe Muñoz,H,6,Delta,42.22,9,379.98,Débito,2025-07-03T23:59:01.699Z
7,Elizabeth Cordero,M,5,Microsoft,375.60,37,13897.20,Débito,2025-07-04T00:00:02.172Z
10,Luisa Torres,M,3,Meta,359.09,19,6822.71,Débito,2025-07-04T00:00:02.172Z
3,Felipe Muñoz,H,10,Cisco,49.74,75,3730.50,Débito,2025-07-04T00:00:02.172Z
2,Alejandro Pérez,H,4,Alphabet,141.25,36,5085.00,Efectivo,2025-07-04T00:01:01.323Z
8,Paola Rojas,M,4,Alphabet,141.25,77,10876.25,Efectivo,2025-07-04T00:02:02.146Z
8,Paola Rojas,M,1,Amazon,151.48,27,4089.96,Efectivo,2025-07-04T00:02:02.146Z
10,Luisa Torres,M,6,Delta,42.22,66,2786.52,Débito,2025-07-04T00:03:01.589Z
9,Marlén Soto,M,10,Cisco,49.74,12,596.88,Débito,2025-07-04T00:03:01.589Z
5,Mauricio Correa,H,1,Amazon,151.48,67,10149.16,Efectivo,2025-07-04T00:04:01.779Z
6,Carolina López,M,2,Nvidia,537.94,78,41959.32,Efectivo,2025-07-04T00:05:02.263Z
4,Eric Aracena,H,2,Nvidia,537.94,65,34966.10,Débito,2025-07-04T00:05:02.263Z
8,Paola Rojas,M,8,Salesforce,263.09,45,11839.05,Débito,2025-07-04T00:05:02.263Z
8,Paola Rojas,M,2,Nvidia,537.94,50,26897.00,Débito,2025-07-04T00:06:01.656Z
5,Mauricio Correa,H,7,Apple,184.85,89,16451.65,Crédito,2025-07-04T00:07:01.866Z
1,Raul Opazo,H,9,Disney,90.24,4,360.96,Débito,2025-07-04T00:08:01.876Z
1,Raul Opazo,H,7,Apple,184.85,29,5360.65,Débito,2025-07-04T00:09:02.299Z
5,Mauricio Correa,H,4,Alphabet,141.25,17,2401.25,Débito,2025-07-04T00:09:02.299Z
10,Luisa Torres,M,9,Disney,90.24,68,6136.32,Débito,2025-07-04T00:09:02.299Z
1,Raul Opazo,H,2,Nvidia,537.94,83,44649.02,Débito,2025-07-04T00:10:01.507Z
7,Elizabeth Cordero,M,5,Microsoft,375.60,65,24414.00,Efectivo,2025-07-04T00:10:01.507Z
10,Luisa Torres,M,6,Delta,42.22,13,548.86,Crédito,2025-07-04T00:11:01.588Z
9,Marlén Soto,M,1,Amazon,151.48,52,7876.96,Crédito,2025-07-04T00:11:01.588Z
2,Alejandro Pérez,H,1,Amazon,151.48,35,5301.80,Débito,2025-07-04T00:12:02.034Z
5,Mauricio Correa,H,4,Alphabet,141.25,65,9181.25,Crédito,2025-07-04T00:12:02.034Z
1,Raul Opazo,H,10,Cisco,49.74,34,1691.16,Crédito,2025-07-04T00:13:01.245Z
10,Luisa Torres,M,2,Nvidia,537.94,24,12910.56,Débito,2025-07-04T00:13:01.245Z
5,Mauricio Correa,H,4,Alphabet,141.25,37,5226.25,Efectivo,2025-07-04T00:13:01.245Z
1,Raul Opazo,H,6,Delta,42.22,48,2026.56,Efectivo,2025-07-04T00:14:02.243Z
3,Felipe Muñoz,H,7,Apple,184.85,69,12754.65,Débito,2025-07-04T00:15:01.624Z
7,Elizabeth Cordero,M,9,Disney,90.24,31,2797.44,Crédito,2025-07-04T00:16:01.787Z
7,Elizabeth Cordero,M,3,Meta,359.09,63,22622.67,Crédito,2025-07-04T00:16:01.787Z
9,Marlén Soto,M,4,Alphabet,141.25,46,6497.50,Efectivo,2025-07-04T00:17:01.724Z
1,Raul Opazo,H,7,Apple,184.85,42,7763.70,Crédito,2025-07-04T00:17:01.724Z
8,Paola Rojas,M,6,Delta,42.22,61,2575.42,Crédito,2025-07-04T00:18:02.161Z
1,Raul Opazo,H,2,Nvidia,537.94,49,26359.06,Crédito,2025-07-04T00:19:01.365Z
2,Alejandro Pérez,H,4,Alphabet,141.25,61,8616.25,Débito,2025-07-04T00:20:01.424Z
5,Mauricio Correa,H,9,Disney,90.24,95,8572.80,Débito,2025-07-04T00:21:01.795Z
2,Alejandro Pérez,H,5,Microsoft,375.60,47,17653.20,Débito,2025-07-04T00:22:01.999Z
8,Paola Rojas,M,9,Disney,90.24,63,5685.12,Efectivo,2025-07-04T00:23:02.145Z
3,Felipe Muñoz,H,6,Delta,42.22,7,295.54,Efectivo,2025-07-04T00:23:02.145Z
3,Felipe Muñoz,H,9,Disney,90.24,58,5233.92,Crédito,2025-07-04T00:23:02.145Z
6,Carolina López,M,6,Delta,42.22,55,2322.10,Débito,2025-07-04T00:24:01.599Z
6,Carolina López,M,8,Salesforce,263.09,80,21047.20,Crédito,2025-07-04T00:25:01.759Z
7,Elizabeth Cordero,M,5,Microsoft,375.60,25,9390.00,Crédito,2025-07-04T00:25:01.759Z
9,Marlén Soto,M,9,Disney,90.24,54,4872.96,Débito,2025-07-04T00:26:01.652Z
10,Luisa Torres,M,5,Microsoft,375.60,95,35682.00,Crédito,2025-07-04T00:26:01.652Z
10,Luisa Torres,M,2,Nvidia,537.94,78,41959.32,Débito,2025-07-04T00:27:02.063Z
10,Luisa Torres,M,1,Amazon,151.48,43,6513.64,Crédito,2025-07-04T00:28:01.255Z
8,Paola Rojas,M,9,Disney,90.24,79,7128.96,Crédito,2025-07-04T00:28:01.255Z
8,Paola Rojas,M,6,Delta,42.22,79,3335.38,Débito,2025-07-04T00:28:01.255Z
5,Mauricio Correa,H,6,Delta,42.22,20,844.40,Débito,2025-07-04T00:29:02.094Z
2,Alejandro Pérez,H,1,Amazon,151.48,54,8179.92,Débito,2025-07-04T00:29:02.094Z
4,Eric Aracena,H,2,Nvidia,537.94,51,27434.94,Débito,2025-07-04T00:30:01.585Z
8,Paola Rojas,M,7,Apple,184.85,87,16081.95,Efectivo,2025-07-04T00:30:01.585Z
3,Felipe Muñoz,H,4,Alphabet,141.25,38,5367.50,Crédito,2025-07-04T00:30:01.585Z
6,Carolina López,M,8,Salesforce,263.09,62,16311.58,Efectivo,2025-07-04T00:31:01.751Z
10,Luisa Torres,M,2,Nvidia,537.94,50,26897.00,Débito,2025-07-04T00:32:01.593Z
7,Elizabeth Cordero,M,9,Disney,90.24,24,2165.76,Efectivo,2025-07-04T00:33:02.028Z
9,Marlén Soto,M,9,Disney,90.24,24,2165.76,Crédito,2025-07-04T00:33:02.028Z
9,Marlén Soto,M,1,Amazon,151.48,93,14087.64,Crédito,2025-07-04T00:34:01.241Z
1,Raul Opazo,H,4,Alphabet,141.25,18,2542.50,Débito,2025-07-04T00:34:01.241Z
7,Elizabeth Cordero,M,7,Apple,184.85,94,17375.90,Débito,2025-07-04T00:35:02.125Z
10,Luisa Torres,M,3,Meta,359.09,2,718.18,Efectivo,2025-07-04T00:36:01.559Z
7,Elizabeth Cordero,M,6,Delta,42.22,61,2575.42,Débito,2025-07-04T00:37:01.715Z
4,Eric Aracena,H,7,Apple,184.85,65,12015.25,Crédito,2025-07-04T00:38:02.125Z
2,Alejandro Pérez,H,1,Amazon,151.48,52,7876.96,Efectivo,2025-07-04T00:39:01.557Z
4,Eric Aracena,H,1,Amazon,151.48,70,10603.60,Crédito,2025-07-04T00:39:01.557Z
4,Eric Aracena,H,5,Microsoft,375.60,10,3756.00,Efectivo,2025-07-04T00:40:01.774Z
4,Eric Aracena,H,9,Disney,90.24,32,2887.68,Crédito,2025-07-04T00:40:01.774Z
2,Alejandro Pérez,H,3,Meta,359.09,41,14722.69,Efectivo,2025-07-04T00:40:01.774Z
5,Mauricio Correa,H,5,Microsoft,375.60,52,19531.20,Crédito,2025-07-04T00:41:01.765Z
7,Elizabeth Cordero,M,6,Delta,42.22,31,1308.82,Débito,2025-07-04T00:42:02.196Z
9,Marlén Soto,M,10,Cisco,49.74,81,4028.94,Efectivo,2025-07-04T00:43:01.402Z
8,Paola Rojas,M,1,Amazon,151.48,40,6059.20,Efectivo,2025-07-04T00:43:01.402Z
1,Raul Opazo,H,2,Nvidia,537.94,87,46800.78,Crédito,2025-07-04T00:43:01.402Z
4,Eric Aracena,H,3,Meta,359.09,39,14004.51,Crédito,2025-07-04T00:44:02.054Z
8,Paola Rojas,M,2,Nvidia,537.94,86,46262.84,Crédito,2025-07-04T00:46:01.668Z
9,Marlén Soto,M,2,Nvidia,537.94,11,5917.34,Débito,2025-07-04T00:46:01.668Z
9,Marlén Soto,M,1,Amazon,151.48,16,2423.68,Efectivo,2025-07-04T00:47:02.295Z
4,Eric Aracena,H,1,Amazon,151.48,93,14087.64,Efectivo,2025-07-04T00:47:02.295Z
4,Eric Aracena,H,8,Salesforce,263.09,100,26309.00,Crédito,2025-07-04T00:47:02.295Z
1,Raul Opazo,H,10,Cisco,49.74,66,3282.84,Débito,2025-07-04T00:45:01.493Z
6,Carolina López,M,2,Nvidia,537.94,59,31738.46,Crédito,2025-07-04T00:45:01.493Z
6,Carolina López,M,2,Nvidia,537.94,1,537.94,Crédito,2025-07-04T00:45:01.493Z
3,Felipe Muñoz,H,9,Disney,90.24,88,7941.12,Débito,2025-07-04T00:48:01.709Z
10,Luisa Torres,M,5,Microsoft,375.60,14,5258.40,Débito,2025-07-04T00:48:01.709Z
4,Eric Aracena,H,4,Alphabet,141.25,65,9181.25,Efectivo,2025-07-04T00:48:01.709Z
4,Eric Aracena,H,1,Amazon,151.48,51,7725.48,Efectivo,2025-07-04T00:49:01.911Z
6,Carolina López,M,10,Cisco,49.74,82,4078.68,Efectivo,2025-07-04T00:50:01.836Z
9,Marlén Soto,M,2,Nvidia,537.94,39,20979.66,Efectivo,2025-07-04T00:50:01.836Z
4,Eric Aracena,H,10,Cisco,49.74,38,1890.12,Efectivo,2025-07-04T00:50:01.836Z
10,Luisa Torres,M,7,Apple,184.85,50,9242.50,Crédito,2025-07-04T00:51:02.272Z
4,Eric Aracena,H,8,Salesforce,263.09,40,10523.60,Débito,2025-07-04T00:51:02.272Z
6,Carolina López,M,7,Apple,184.85,33,6100.05,Crédito,2025-07-04T00:51:02.272Z
10,Luisa Torres,M,8,Salesforce,263.09,62,16311.58,Efectivo,2025-07-04T00:52:01.480Z
3,Felipe Muñoz,H,9,Disney,90.24,83,7489.92,Débito,2025-07-04T00:52:01.480Z
6,Carolina López,M,10,Cisco,49.74,35,1740.90,Crédito,2025-07-04T00:52:01.480Z
4,Eric Aracena,H,10,Cisco,49.74,34,1691.16,Efectivo,2025-07-04T00:53:01.862Z
3,Felipe Muñoz,H,10,Cisco,49.74,43,2138.82,Débito,2025-07-04T00:53:01.862Z
6,Carolina López,M,2,Nvidia,537.94,86,46262.84,Débito,2025-07-04T00:54:02.328Z
7,Elizabeth Cordero,M,1,Amazon,151.48,13,1969.24,Débito,2025-07-04T00:54:02.328Z
1,Raul Opazo,H,6,Delta,42.22,74,3124.28,Efectivo,2025-07-04T00:55:01.516Z
10,Luisa Torres,M,2,Nvidia,537.94,22,11834.68,Débito,2025-07-04T00:55:01.516Z
2,Alejandro Pérez,H,8,Salesforce,263.09,39,10260.51,Débito,2025-07-04T00:55:01.516Z
7,Elizabeth Cordero,M,10,Cisco,49.74,43,2138.82,Débito,2025-07-04T00:56:01.736Z
7,Elizabeth Cordero,M,4,Alphabet,141.25,97,13701.25,Efectivo,2025-07-04T00:56:01.736Z
2,Alejandro Pérez,H,6,Delta,42.22,90,3799.80,Débito,2025-07-04T00:57:02.224Z
2,Alejandro Pérez,H,10,Cisco,49.74,83,4128.42,Efectivo,2025-07-04T00:57:02.224Z
3,Felipe Muñoz,H,9,Disney,90.24,24,2165.76,Crédito,2025-07-04T00:57:02.224Z
3,Felipe Muñoz,H,8,Salesforce,263.09,15,3946.35,Débito,2025-07-04T00:58:01.452Z
5,Mauricio Correa,H,3,Meta,359.09,1,359.09,Crédito,2025-07-04T00:59:01.811Z
2,Alejandro Pérez,H,3,Meta,359.09,73,26213.57,Efectivo,2025-07-04T00:59:01.811Z
4,Eric Aracena,H,10,Cisco,49.74,82,4078.68,Débito,2025-07-04T00:59:01.811Z
6,Carolina López,M,7,Apple,184.85,45,8318.25,Crédito,2025-07-04T01:00:02.277Z
4,Eric Aracena,H,5,Microsoft,375.60,100,37560.00,Crédito,2025-07-04T01:00:02.277Z
5,Mauricio Correa,H,7,Apple,184.85,82,15157.70,Débito,2025-07-04T01:01:01.471Z
1,Raul Opazo,H,5,Microsoft,375.60,51,19155.60,Efectivo,2025-07-04T01:01:01.471Z
6,Carolina López,M,9,Disney,90.24,50,4512.00,Efectivo,2025-07-04T01:01:01.471Z
5,Mauricio Correa,H,4,Alphabet,141.25,65,9181.25,Débito,2025-07-04T01:02:01.550Z
1,Raul Opazo,H,2,Nvidia,537.94,39,20979.66,Efectivo,2025-07-04T01:03:01.953Z
4,Eric Aracena,H,2,Nvidia,537.94,31,16676.14,Crédito,2025-07-04T01:03:01.953Z
8,Paola Rojas,M,3,Meta,359.09,29,10413.61,Crédito,2025-07-04T01:03:01.953Z
7,Elizabeth Cordero,M,6,Delta,42.22,42,1773.24,Efectivo,2025-07-04T01:04:01.165Z
1,Raul Opazo,H,2,Nvidia,537.94,67,36041.98,Débito,2025-07-04T01:04:01.165Z
8,Paola Rojas,M,10,Cisco,49.74,8,397.92,Efectivo,2025-07-04T01:04:01.165Z
3,Felipe Muñoz,H,1,Amazon,151.48,36,5453.28,Crédito,2025-07-04T01:05:02.235Z
9,Marlén Soto,M,8,Salesforce,263.09,15,3946.35,Débito,2025-07-04T01:05:02.235Z
10,Luisa Torres,M,7,Apple,184.85,53,9797.05,Efectivo,2025-07-04T01:05:02.235Z
5,Mauricio Correa,H,7,Apple,184.85,38,7024.30,Efectivo,2025-07-04T01:06:01.664Z
1,Raul Opazo,H,2,Nvidia,537.94,39,20979.66,Crédito,2025-07-04T01:06:01.664Z
5,Mauricio Correa,H,4,Alphabet,141.25,95,13418.75,Crédito,2025-07-04T01:06:01.664Z
6,Carolina López,M,3,Meta,359.09,11,3949.99,Crédito,2025-07-04T01:07:01.859Z
7,Elizabeth Cordero,M,3,Meta,359.09,45,16159.05,Crédito,2025-07-04T01:07:01.859Z
6,Carolina López,M,2,Nvidia,537.94,65,34966.10,Efectivo,2025-07-04T01:07:01.859Z
5,Mauricio Correa,H,1,Amazon,151.48,22,3332.56,Efectivo,2025-07-04T01:08:01.931Z
3,Felipe Muñoz,H,6,Delta,42.22,41,1731.02,Efectivo,2025-07-04T01:08:01.931Z
7,Elizabeth Cordero,M,1,Amazon,151.48,46,6968.08,Efectivo,2025-07-04T01:09:02.394Z
6,Carolina López,M,1,Amazon,151.48,55,8331.40,Efectivo,2025-07-04T01:09:02.394Z
8,Paola Rojas,M,7,Apple,184.85,36,6654.60,Crédito,2025-07-04T01:10:01.593Z
8,Paola Rojas,M,4,Alphabet,141.25,22,3107.50,Débito,2025-07-04T01:10:01.593Z
2,Alejandro Pérez,H,10,Cisco,49.74,14,696.36,Débito,2025-07-04T01:10:01.593Z
4,Eric Aracena,H,1,Amazon,151.48,29,4392.92,Efectivo,2025-07-04T01:11:01.580Z
8,Paola Rojas,M,3,Meta,359.09,6,2154.54,Crédito,2025-07-04T01:12:02.016Z
4,Eric Aracena,H,1,Amazon,151.48,11,1666.28,Débito,2025-07-04T01:13:01.182Z
9,Marlén Soto,M,8,Salesforce,263.09,66,17363.94,Débito,2025-07-04T01:14:01.721Z
1,Raul Opazo,H,5,Microsoft,375.60,2,751.20,Efectivo,2025-07-04T01:14:01.721Z
1,Raul Opazo,H,9,Disney,90.24,1,90.24,Efectivo,2025-07-04T01:14:01.721Z
2,Alejandro Pérez,H,8,Salesforce,263.09,27,7103.43,Crédito,2025-07-04T01:15:02.164Z
7,Elizabeth Cordero,M,5,Microsoft,375.60,73,27418.80,Crédito,2025-07-04T01:16:01.329Z
7,Elizabeth Cordero,M,4,Alphabet,141.25,19,2683.75,Débito,2025-07-04T01:16:01.329Z
10,Luisa Torres,M,1,Amazon,151.48,91,13784.68,Crédito,2025-07-04T01:17:02.069Z
3,Felipe Muñoz,H,6,Delta,42.22,1,42.22,Crédito,2025-07-04T01:17:02.069Z
9,Marlén Soto,M,4,Alphabet,141.25,59,8333.75,Crédito,2025-07-04T01:18:01.450Z
6,Carolina López,M,6,Delta,42.22,78,3293.16,Crédito,2025-07-04T01:18:01.450Z
8,Paola Rojas,M,10,Cisco,49.74,99,4924.26,Crédito,2025-07-04T01:19:01.650Z
7,Elizabeth Cordero,M,7,Apple,184.85,48,8872.80,Efectivo,2025-07-04T01:20:01.794Z
8,Paola Rojas,M,5,Microsoft,375.60,52,19531.20,Efectivo,2025-07-04T01:20:01.794Z
10,Luisa Torres,M,8,Salesforce,263.09,79,20784.11,Débito,2025-07-04T01:20:01.794Z
5,Mauricio Correa,H,8,Salesforce,263.09,66,17363.94,Efectivo,2025-07-04T01:22:01.389Z
9,Marlén Soto,M,8,Salesforce,263.09,3,789.27,Débito,2025-07-04T01:22:01.389Z
3,Felipe Muñoz,H,9,Disney,90.24,92,8302.08,Efectivo,2025-07-04T01:23:02.280Z
8,Paola Rojas,M,6,Delta,42.22,21,886.62,Crédito,2025-07-04T01:21:02.203Z
4,Eric Aracena,H,7,Apple,184.85,96,17745.60,Débito,2025-07-04T01:21:02.203Z
10,Luisa Torres,M,2,Nvidia,537.94,71,38193.74,Débito,2025-07-04T01:24:01.739Z
6,Carolina López,M,7,Apple,184.85,79,14603.15,Crédito,2025-07-04T01:25:01.928Z
9,Marlén Soto,M,10,Cisco,49.74,94,4675.56,Crédito,2025-07-04T01:25:01.928Z
7,Elizabeth Cordero,M,6,Delta,42.22,15,633.30,Débito,2025-07-04T01:25:01.928Z
8,Paola Rojas,M,9,Disney,90.24,18,1624.32,Efectivo,2025-07-04T01:26:01.869Z
10,Luisa Torres,M,1,Amazon,151.48,27,4089.96,Crédito,2025-07-04T01:27:02.231Z
3,Felipe Muñoz,H,3,Meta,359.09,9,3231.81,Efectivo,2025-07-04T01:27:02.231Z
9,Marlén Soto,M,5,Microsoft,375.60,41,15399.60,Débito,2025-07-04T01:28:01.425Z
1,Raul Opazo,H,6,Delta,42.22,95,4010.90,Efectivo,2025-07-04T01:28:01.425Z
9,Marlén Soto,M,8,Salesforce,263.09,54,14206.86,Efectivo,2025-07-04T01:29:01.445Z
9,Marlén Soto,M,1,Amazon,151.48,60,9088.80,Débito,2025-07-04T01:29:01.445Z
7,Elizabeth Cordero,M,10,Cisco,49.74,36,1790.64,Débito,2025-07-04T01:30:01.880Z
7,Elizabeth Cordero,M,9,Disney,90.24,59,5324.16,Crédito,2025-07-04T01:31:02.066Z
1,Raul Opazo,H,8,Salesforce,263.09,53,13943.77,Crédito,2025-07-04T01:31:02.066Z
2,Alejandro Pérez,H,1,Amazon,151.48,82,12421.36,Débito,2025-07-04T01:32:02.113Z
9,Marlén Soto,M,3,Meta,359.09,38,13645.42,Débito,2025-07-04T01:32:02.113Z
10,Luisa Torres,M,1,Amazon,151.48,79,11966.92,Crédito,2025-07-04T01:32:02.113Z
7,Elizabeth Cordero,M,5,Microsoft,375.60,7,2629.20,Efectivo,2025-07-04T01:33:01.554Z
2,Alejandro Pérez,H,9,Disney,90.24,79,7128.96,Débito,2025-07-04T01:33:01.554Z
8,Paola Rojas,M,8,Salesforce,263.09,74,19468.66,Crédito,2025-07-04T01:34:01.751Z
2,Alejandro Pérez,H,9,Disney,90.24,87,7850.88,Débito,2025-07-04T01:34:01.751Z
4,Eric Aracena,H,1,Amazon,151.48,21,3181.08,Débito,2025-07-04T01:35:01.404Z
5,Mauricio Correa,H,5,Microsoft,375.60,90,33804.00,Crédito,2025-07-04T01:35:01.404Z
8,Paola Rojas,M,7,Apple,184.85,6,1109.10,Efectivo,2025-07-04T01:35:01.404Z
10,Luisa Torres,M,7,Apple,184.85,44,8133.40,Efectivo,2025-07-04T01:36:01.858Z
7,Elizabeth Cordero,M,8,Salesforce,263.09,19,4998.71,Efectivo,2025-07-04T01:36:01.858Z
5,Mauricio Correa,H,10,Cisco,49.74,84,4178.16,Efectivo,2025-07-04T01:36:01.858Z
10,Luisa Torres,M,7,Apple,184.85,62,11460.70,Efectivo,2025-07-04T01:37:02.029Z
1,Raul Opazo,H,9,Disney,90.24,65,5865.60,Efectivo,2025-07-04T01:37:02.029Z
10,Luisa Torres,M,2,Nvidia,537.94,12,6455.28,Débito,2025-07-04T01:37:02.029Z
2,Alejandro Pérez,H,8,Salesforce,263.09,45,11839.05,Efectivo,2025-07-04T01:38:01.788Z
10,Luisa Torres,M,5,Microsoft,375.60,89,33428.40,Crédito,2025-07-04T01:38:01.788Z
7,Elizabeth Cordero,M,3,Meta,359.09,35,12568.15,Efectivo,2025-07-04T01:38:01.788Z
5,Mauricio Correa,H,6,Delta,42.22,88,3715.36,Efectivo,2025-07-04T01:39:02.213Z
3,Felipe Muñoz,H,7,Apple,184.85,17,3142.45,Débito,2025-07-04T01:39:02.213Z
6,Carolina López,M,5,Microsoft,375.60,74,27794.40,Crédito,2025-07-04T01:40:01.412Z
1,Raul Opazo,H,6,Delta,42.22,92,3884.24,Crédito,2025-07-04T01:41:02.229Z
5,Mauricio Correa,H,6,Delta,42.22,10,422.20,Débito,2025-07-04T01:42:01.688Z
7,Elizabeth Cordero,M,3,Meta,359.09,29,10413.61,Efectivo,2025-07-04T01:43:01.876Z
5,Mauricio Correa,H,7,Apple,184.85,74,13678.90,Efectivo,2025-07-04T01:43:01.876Z
6,Carolina López,M,2,Nvidia,537.94,90,48414.60,Efectivo,2025-07-04T01:44:01.393Z
2,Alejandro Pérez,H,7,Apple,184.85,2,369.70,Crédito,2025-07-04T01:45:01.838Z
8,Paola Rojas,M,4,Alphabet,141.25,12,1695.00,Efectivo,2025-07-04T01:45:01.838Z
9,Marlén Soto,M,9,Disney,90.24,80,7219.20,Débito,2025-07-04T01:45:01.838Z
7,Elizabeth Cordero,M,7,Apple,184.85,47,8687.95,Efectivo,2025-07-04T01:46:02.003Z
1,Raul Opazo,H,5,Microsoft,375.60,21,7887.60,Efectivo,2025-07-04T01:47:01.493Z
10,Luisa Torres,M,5,Microsoft,375.60,33,12394.80,Débito,2025-07-04T01:47:01.493Z
8,Paola Rojas,M,9,Disney,90.24,41,3699.84,Crédito,2025-07-04T01:47:01.493Z
5,Mauricio Correa,H,3,Meta,359.09,3,1077.27,Débito,2025-07-04T01:49:01.153Z
2,Alejandro Pérez,H,6,Delta,42.22,12,506.64,Efectivo,2025-07-04T01:49:01.153Z
2,Alejandro Pérez,H,4,Alphabet,141.25,62,8757.50,Crédito,2025-07-04T01:50:01.716Z
5,Mauricio Correa,H,2,Nvidia,537.94,37,19903.78,Efectivo,2025-07-04T01:50:01.716Z
7,Elizabeth Cordero,M,10,Cisco,49.74,46,2288.04,Efectivo,2025-07-04T01:48:01.944Z
7,Elizabeth Cordero,M,8,Salesforce,263.09,10,2630.90,Efectivo,2025-07-04T01:48:01.944Z
3,Felipe Muñoz,H,5,Microsoft,375.60,94,35306.40,Efectivo,2025-07-04T01:51:02.129Z
7,Elizabeth Cordero,M,5,Microsoft,375.60,14,5258.40,Efectivo,2025-07-04T01:52:01.325Z
7,Elizabeth Cordero,M,7,Apple,184.85,1,184.85,Crédito,2025-07-04T01:52:01.325Z
6,Carolina López,M,10,Cisco,49.74,64,3183.36,Débito,2025-07-04T01:53:02.359Z
7,Elizabeth Cordero,M,4,Alphabet,141.25,1,141.25,Crédito,2025-07-04T01:54:01.792Z
2,Alejandro Pérez,H,8,Salesforce,263.09,47,12365.23,Efectivo,2025-07-04T01:54:01.792Z
10,Luisa Torres,M,3,Meta,359.09,55,19749.95,Efectivo,2025-07-04T01:54:01.792Z
6,Carolina López,M,4,Alphabet,141.25,81,11441.25,Efectivo,2025-07-04T01:55:01.994Z
7,Elizabeth Cordero,M,10,Cisco,49.74,37,1840.38,Débito,2025-07-04T01:55:01.994Z
9,Marlén Soto,M,4,Alphabet,141.25,87,12288.75,Débito,2025-07-04T01:55:01.994Z
6,Carolina López,M,3,Meta,359.09,59,21186.31,Débito,2025-07-04T01:56:01.855Z
8,Paola Rojas,M,1,Amazon,151.48,29,4392.92,Crédito,2025-07-04T01:56:01.855Z
7,Elizabeth Cordero,M,4,Alphabet,141.25,82,11582.50,Débito,2025-07-04T01:56:01.855Z
5,Mauricio Correa,H,10,Cisco,49.74,66,3282.84,Débito,2025-07-04T01:58:01.487Z
3,Felipe Muñoz,H,10,Cisco,49.74,95,4725.30,Efectivo,2025-07-04T01:59:01.515Z
10,Luisa Torres,M,5,Microsoft,375.60,98,36808.80,Efectivo,2025-07-04T01:59:01.515Z
6,Carolina López,M,3,Meta,359.09,36,12927.24,Crédito,2025-07-04T01:59:01.515Z
8,Paola Rojas,M,2,Nvidia,537.94,6,3227.64,Efectivo,2025-07-04T01:57:02.285Z
1,Raul Opazo,H,2,Nvidia,537.94,27,14524.38,Débito,2025-07-04T01:57:02.285Z
3,Felipe Muñoz,H,10,Cisco,49.74,79,3929.46,Débito,2025-07-04T01:57:02.285Z
10,Luisa Torres,M,8,Salesforce,263.09,43,11312.87,Efectivo,2025-07-04T02:00:01.939Z
8,Paola Rojas,M,1,Amazon,151.48,64,9694.72,Efectivo,2025-07-04T02:00:01.939Z
8,Paola Rojas,M,2,Nvidia,537.94,38,20441.72,Débito,2025-07-04T02:00:01.939Z
8,Paola Rojas,M,9,Disney,90.24,66,5955.84,Débito,2025-07-04T02:01:02.116Z
5,Mauricio Correa,H,2,Nvidia,537.94,17,9144.98,Efectivo,2025-07-04T02:02:02.151Z
4,Eric Aracena,H,2,Nvidia,537.94,12,6455.28,Crédito,2025-07-04T02:03:01.568Z
10,Luisa Torres,M,2,Nvidia,537.94,63,33890.22,Efectivo,2025-07-04T02:03:01.568Z
3,Felipe Muñoz,H,1,Amazon,151.48,92,13936.16,Débito,2025-07-04T02:04:01.772Z
9,Marlén Soto,M,1,Amazon,151.48,48,7271.04,Efectivo,2025-07-04T02:05:01.631Z
1,Raul Opazo,H,7,Apple,184.85,12,2218.20,Débito,2025-07-04T02:05:01.631Z
5,Mauricio Correa,H,8,Salesforce,263.09,63,16574.67,Efectivo,2025-07-04T02:05:01.631Z
